dataset,classifier,oversampling,AUC,rank
credit_default,RF,SMOTE,0.7733,1
credit_default,RF,ADASYN,0.7684,2
credit_default,RF,CTGAN,0.7655,3
credit_default,RF,GA-G-CTGAN,0.765,4
credit_default,RF,G-CTGAN,0.7636,5
credit_default,RF,TVAE,0.7632,6
credit_default,RF,CTAB-GAN+,0.7613,7
credit_default,RF,G-SMOTE,0.7517,8
credit_default,LGBM,G-CTGAN,0.7813,1
credit_default,LGBM,TVAE,0.7804,2
credit_default,LGBM,GA-G-CTGAN,0.7785,3
credit_default,LGBM,CTGAN,0.7773,4
credit_default,LGBM,SMOTE,0.7719,5
credit_default,LGBM,ADASYN,0.768,6
credit_default,LGBM,G-SMOTE,0.7305,7
credit_default,MLP,CTAB-GAN+,0.7129,1
credit_default,MLP,CTGAN,0.7125,2
credit_default,MLP,G-CTGAN,0.7053,3
credit_default,MLP,GA-G-CTGAN,0.7006,4
credit_default,MLP,SMOTE,0.6901,5
credit_default,MLP,TVAE,0.6887,6
credit_default,MLP,G-SMOTE,0.6876,7
credit_default,MLP,ADASYN,0.6788,8
fraud_detection,RF,SMOTE,0.9763,1
fraud_detection,RF,G-SMOTE,0.9756,2
fraud_detection,RF,ADASYN,0.9753,3
fraud_detection,RF,CTGAN,0.9639,4
fraud_detection,RF,G-CTGAN,0.9618,5
fraud_detection,RF,TVAE,0.9551,6
fraud_detection,LGBM,SMOTE,0.9715,1
fraud_detection,LGBM,ADASYN,0.97,2
fraud_detection,LGBM,G-SMOTE,0.9693,3
fraud_detection,LGBM,G-CTGAN,0.9547,4
fraud_detection,LGBM,TVAE,0.9544,5
fraud_detection,LGBM,CTGAN,0.9475,6
fraud_detection,MLP,G-CTGAN,0.9718,1
fraud_detection,MLP,TVAE,0.9574,2
fraud_detection,MLP,CTGAN,0.9547,3
fraud_detection,MLP,SMOTE,0.9489,4
fraud_detection,MLP,G-SMOTE,0.9384,5
fraud_detection,MLP,ADASYN,0.9369,6
pima_diabetes,RF,ADASYN,0.8442,1
pima_diabetes,RF,SMOTE,0.8426,2
pima_diabetes,RF,CTAB-GAN+,0.8363,3
pima_diabetes,RF,G-SMOTE,0.8355,4
pima_diabetes,RF,TVAE,0.8349,5
pima_diabetes,RF,GA-G-CTGAN,0.8187,6
pima_diabetes,RF,CTGAN,0.8048,7
pima_diabetes,RF,G-CTGAN,0.8002,8
pima_diabetes,LGBM,G-SMOTE,0.8281,1
pima_diabetes,LGBM,TVAE,0.8238,2
pima_diabetes,LGBM,ADASYN,0.8228,3
pima_diabetes,LGBM,SMOTE,0.8133,4
pima_diabetes,LGBM,GA-G-CTGAN,0.8051,5
pima_diabetes,LGBM,CTGAN,0.7952,6
pima_diabetes,LGBM,G-CTGAN,0.7946,7
pima_diabetes,MLP,TVAE,0.801,1
pima_diabetes,MLP,ADASYN,0.7945,2
pima_diabetes,MLP,G-SMOTE,0.7816,3
pima_diabetes,MLP,SMOTE,0.7811,4
pima_diabetes,MLP,G-CTGAN,0.7734,5
pima_diabetes,MLP,CTAB-GAN+,0.771,6
pima_diabetes,MLP,CTGAN,0.7495,7
pima_diabetes,MLP,GA-G-CTGAN,0.743,8
ibm_attrition,RF,ADASYN,0.7888,1
ibm_attrition,RF,G-SMOTE,0.7888,2
ibm_attrition,RF,SMOTE,0.7797,3
ibm_attrition,RF,TVAE,0.778,4
ibm_attrition,RF,G-CTGAN,0.7754,5
ibm_attrition,RF,CTGAN,0.7665,6
ibm_attrition,RF,GA-G-CTGAN,0.765,7
ibm_attrition,LGBM,G-CTGAN,0.7702,1
ibm_attrition,LGBM,SMOTE,0.7659,2
ibm_attrition,LGBM,G-SMOTE,0.7657,3
ibm_attrition,LGBM,CTGAN,0.7655,4
ibm_attrition,LGBM,GA-G-CTGAN,0.7646,5
ibm_attrition,LGBM,ADASYN,0.764,6
ibm_attrition,LGBM,TVAE,0.7526,7
ibm_attrition,MLP,ADASYN,0.7454,1
ibm_attrition,MLP,G-SMOTE,0.7438,2
ibm_attrition,MLP,CTGAN,0.7415,3
ibm_attrition,MLP,SMOTE,0.7414,4
ibm_attrition,MLP,TVAE,0.7349,5
ibm_attrition,MLP,G-CTGAN,0.7275,6
ibm_attrition,MLP,GA-G-CTGAN,0.7204,7
yeast_me2,RF,GA-G-CTGAN,0.9318,1
yeast_me2,RF,CTGAN,0.9225,2
yeast_me2,RF,G-CTGAN,0.9183,3
yeast_me2,RF,TVAE,0.9145,4
yeast_me2,RF,CTAB-GAN+,0.9101,5
yeast_me2,RF,G-SMOTE,0.9058,6
yeast_me2,RF,SMOTE,0.9027,7
yeast_me2,RF,ADASYN,0.8919,8
yeast_me2,LGBM,SMOTE,0.9191,1
yeast_me2,LGBM,GA-G-CTGAN,0.9129,2
yeast_me2,LGBM,G-SMOTE,0.9109,3
yeast_me2,LGBM,G-CTGAN,0.9066,4
yeast_me2,LGBM,ADASYN,0.9036,5
yeast_me2,LGBM,TVAE,0.9004,6
yeast_me2,LGBM,CTGAN,0.8905,7
yeast_me2,MLP,G-CTGAN,0.8704,1
yeast_me2,MLP,CTGAN,0.8367,2
yeast_me2,MLP,GA-G-CTGAN,0.8311,3
yeast_me2,MLP,SMOTE,0.8192,4
yeast_me2,MLP,G-SMOTE,0.8076,5
yeast_me2,MLP,ADASYN,0.8074,6
yeast_me2,MLP,TVAE,0.7578,7
yeast_me2,MLP,CTAB-GAN+,0.7346,8
mammography,RF,SMOTE,0.97,1
mammography,RF,G-SMOTE,0.9689,2
mammography,RF,ADASYN,0.9648,3
mammography,RF,TVAE,0.961,4
mammography,RF,G-CTGAN,0.9542,5
mammography,RF,CTGAN,0.9533,6
mammography,RF,CTAB-GAN+,0.9493,7
mammography,LGBM,SMOTE,0.9773,1
mammography,LGBM,ADASYN,0.9593,2
mammography,LGBM,TVAE,0.9591,3
mammography,LGBM,CTGAN,0.959,4
mammography,LGBM,G-SMOTE,0.9581,5
mammography,LGBM,G-CTGAN,0.9518,6
mammography,MLP,TVAE,0.9737,1
mammography,MLP,CTGAN,0.9697,2
mammography,MLP,CTAB-GAN+,0.9657,3
mammography,MLP,G-CTGAN,0.9538,4
mammography,MLP,SMOTE,0.9413,5
mammography,MLP,ADASYN,0.9303,6
mammography,MLP,G-SMOTE,0.9258,7
abalone_19,RF,G-SMOTE,0.8412,1
abalone_19,RF,ADASYN,0.8259,2
abalone_19,RF,SMOTE,0.8096,3
abalone_19,RF,G-CTGAN,0.7936,4
abalone_19,RF,TVAE,0.758,5
abalone_19,RF,CTGAN,0.752,6
abalone_19,LGBM,G-SMOTE,0.8899,1
abalone_19,LGBM,TVAE,0.8593,2
abalone_19,LGBM,SMOTE,0.8246,3
abalone_19,LGBM,CTGAN,0.8217,4
abalone_19,LGBM,ADASYN,0.8064,5
abalone_19,LGBM,G-CTGAN,0.7043,6
abalone_19,MLP,G-CTGAN,0.8538,1
abalone_19,MLP,SMOTE,0.8453,2
abalone_19,MLP,ADASYN,0.8322,3
abalone_19,MLP,G-SMOTE,0.8321,4
abalone_19,MLP,CTGAN,0.8285,5
abalone_19,MLP,TVAE,0.8174,6
wine_quality,RF,G-SMOTE,0.8549,1
wine_quality,RF,CTAB-GAN+,0.8503,2
wine_quality,RF,SMOTE,0.8467,3
wine_quality,RF,GA-G-CTGAN,0.8419,4
wine_quality,RF,ADASYN,0.8404,5
wine_quality,RF,CTGAN,0.8154,6
wine_quality,RF,TVAE,0.8148,7
wine_quality,RF,G-CTGAN,0.804,8
wine_quality,LGBM,GA-G-CTGAN,0.879,1
wine_quality,LGBM,SMOTE,0.8644,2
wine_quality,LGBM,G-CTGAN,0.856,3
wine_quality,LGBM,ADASYN,0.8548,4
wine_quality,LGBM,G-SMOTE,0.8524,5
wine_quality,LGBM,CTGAN,0.8501,6
wine_quality,LGBM,TVAE,0.8193,7
wine_quality,MLP,CTGAN,0.8283,1
wine_quality,MLP,G-CTGAN,0.8205,2
wine_quality,MLP,CTAB-GAN+,0.8088,3
wine_quality,MLP,GA-G-CTGAN,0.8082,4
wine_quality,MLP,SMOTE,0.8073,5
wine_quality,MLP,G-SMOTE,0.8067,6
wine_quality,MLP,ADASYN,0.8028,7
wine_quality,MLP,TVAE,0.7988,8
ecoli,RF,CTGAN,0.9848,1
ecoli,RF,G-CTGAN,0.9798,2
ecoli,RF,CTAB-GAN+,0.9737,3
ecoli,RF,TVAE,0.9707,4
ecoli,RF,GA-G-CTGAN,0.9697,5
ecoli,RF,SMOTE,0.9566,6
ecoli,RF,G-SMOTE,0.9566,7
ecoli,RF,ADASYN,0.9545,8
ecoli,LGBM,G-CTGAN,0.9707,1
ecoli,LGBM,GA-G-CTGAN,0.9687,2
ecoli,LGBM,TVAE,0.9646,3
ecoli,LGBM,CTGAN,0.9646,4
ecoli,LGBM,ADASYN,0.9515,5
ecoli,LGBM,G-SMOTE,0.9485,6
ecoli,LGBM,SMOTE,0.9283,7
ecoli,MLP,CTGAN,0.9596,1
ecoli,MLP,CTAB-GAN+,0.9414,2
ecoli,MLP,G-CTGAN,0.9414,3
ecoli,MLP,GA-G-CTGAN,0.9131,4
ecoli,MLP,TVAE,0.9101,5
ecoli,MLP,ADASYN,0.901,6
ecoli,MLP,G-SMOTE,0.9,7
ecoli,MLP,SMOTE,0.898,8
pageblocks,RF,ADASYN,0.9976,1
pageblocks,RF,G-SMOTE,0.9972,2
pageblocks,RF,SMOTE,0.9971,3
pageblocks,RF,TVAE,0.9968,4
pageblocks,RF,CTAB-GAN+,0.9963,5
pageblocks,RF,CTGAN,0.9962,6
pageblocks,RF,G-CTGAN,0.9961,7
pageblocks,LGBM,G-CTGAN,0.9989,1
pageblocks,LGBM,CTGAN,0.9965,2
pageblocks,LGBM,G-SMOTE,0.9964,3
pageblocks,LGBM,ADASYN,0.9964,4
pageblocks,LGBM,TVAE,0.9964,5
pageblocks,LGBM,SMOTE,0.9961,6
pageblocks,MLP,SMOTE,0.9987,1
pageblocks,MLP,ADASYN,0.9985,2
pageblocks,MLP,G-SMOTE,0.9984,3
pageblocks,MLP,CTGAN,0.9965,4
pageblocks,MLP,TVAE,0.9962,5
pageblocks,MLP,CTAB-GAN+,0.9959,6
pageblocks,MLP,G-CTGAN,0.9957,7
protein_homo,RF,G-SMOTE,0.9952,1
protein_homo,RF,SMOTE,0.9951,2
protein_homo,RF,ADASYN,0.9937,3
protein_homo,RF,TVAE,0.9817,4
protein_homo,RF,G-CTGAN,0.9729,5
protein_homo,RF,CTGAN,0.9714,6
protein_homo,LGBM,SMOTE,0.996,1
protein_homo,LGBM,ADASYN,0.996,2
protein_homo,LGBM,G-SMOTE,0.9957,3
protein_homo,LGBM,CTGAN,0.9908,4
protein_homo,LGBM,TVAE,0.9888,5
protein_homo,LGBM,G-CTGAN,0.9888,6
protein_homo,MLP,G-CTGAN,0.996,1
protein_homo,MLP,G-SMOTE,0.9946,2
protein_homo,MLP,ADASYN,0.9945,3
protein_homo,MLP,TVAE,0.9944,4
protein_homo,MLP,SMOTE,0.9935,5
protein_homo,MLP,CTGAN,0.9933,6
